{
  "$schema": "./node_modules/nx/schemas/nx-schema.json",
  "affected": {
    "defaultBase": "master"
  },
  "tasksRunnerOptions": {
    "default": {
      "runner": "nx-cloud",
      "options": {
        "cacheableOperations": [
          "build",
          "lint",
          "test",
          "e2e"
        ],
        "accessToken": "MmVlMmNhMjUtMGMwYy00Yjk3LTkzYmUtMDVjZTgzNDNkZTY2fHJlYWQtd3JpdGU="
      }
    }
  },
  "targetDefaults": {
    "build": {
      "dependsOn": [
        "^build"
      ],
      "inputs": [
        "production",
        "^production"
      ]
    },
    "e2e": {
      "inputs": [
        "default",
        "^production"
      ]
    },
    "lint": {
      "inputs": [
        "default",
        "{workspaceRoot}/.eslintrc.json",
        "{workspaceRoot}/.eslintignore"
      ]
    },
    "test": {
      "inputs": [
        "default",
        "^production",
        "{workspaceRoot}/jest.preset.js"
      ]
    }
  },
  "namedInputs": {
    "default": [
      "{projectRoot}/**/*",
      "sharedGlobals"
    ],
    "production": [
      "default",
      "!{projectRoot}/.eslintrc.json",
      "!{projectRoot}/**/?(*.)+(spec|test).[jt]s?(x)?(.snap)",
      "!{projectRoot}/tsconfig.spec.json",
      "!{projectRoot}/jest.config.[jt]s"
    ],
    "sharedGlobals": []
  },
  "generators": {
    "@nx/react": {
      "application": {
        "style": "scss",
        "linter": "eslint",
        "bundler": "webpack",
        "babel": true
      },
      "component": {
        "style": "scss"
      },
      "library": {
        "style": "scss",
        "linter": "eslint"
      }
    }
  },
  "defaultProject": "dungeon-of-trails-ws"
}
